a,b,c
2.072345,-3.241693,1
17.93671,15.78481,1
1.083576,7.319176,1
11.12067,14.40678,1
23.71155,2.557729,1
24.16993,32.02478,2
21.66578,4.892855,1
4.693684,12.34217,1
19.21191,-1.121366,1
4.230391,-4.441536,1
9.12713,23.60572,1
0.4075031,15.29705,1
7.314846,3.3093120000000003,1
-3.438403,-12.025269999999999,1
17.63935,-3.212345,1
4.415292,22.81555,1
11.94122,8.122487,1
0.7258532,1.806819,1
8.185273,28.1326,1
-5.773587,1.0248,1
18.76943,24.16946,1
7.752016,-3.3349910000000005,1
10.61132,28.44378,1
2.02165,-4.6871220000000005,1
5.145525,11.186,1
6.24331,19.47716,1
-11.70671,8.073185,1
7.255978,14.637039999999999,1
3.392373,1.220712,1
24.2999,40.42887,2
4.094005,6.944694999999999,1
11.80358,-2.445336,1
0.09228785,-6.651035,1
28.50607,-9.091833,1
23.40831,7.931438000000001,1
10.56305,12.54468,1
20.14157,11.11789,1
-1.871265,8.60885,1
29.30237,14.02176,1
18.65383,17.216720000000002,1
-2.972188,6.370998999999999,1
10.32313,12.115739999999999,1
16.90539,-1.3550440000000001,1
6.75371,12.02797,1
23.94777,13.350470000000001,1
6.883513,6.188562999999999,1
-1.241542,10.08179,1
20.50827,-1.57887,1
-3.75683,1.60851,1
17.9176,13.09896,1
2.002537,-0.656524,1
10.7768,15.5336,1
24.15819,5.330366000000001,1
0.3268727,7.288786999999999,1
21.64777,14.00506,1
6.871417,21.51998,1
15.14264,5.111947,1
11.54712,4.75756,1
0.6611676,-10.14263,1
-13.66531,16.93903,1
24.90937,-10.82038,1
-4.53022,-6.173767,1
3.163677,8.051480999999999,1
1.495172,-7.261601,1
7.097637,2.1057509999999997,1
3.509483,24.584870000000002,1
12.99879,24.91248,1
0.3593824,6.3879150000000005,1
14.35429,-2.252421,1
3.831208,-2.000873,1
31.40462,26.772090000000002,2
-5.501097,13.391279999999998,1
-1.04476,5.955898,1
4.409013,9.323681,1
2.917201,16.53999,1
7.265954,10.64794,1
10.32038,13.368570000000002,1
9.35213,10.42427,1
6.648532,11.07535,1
-1.922306,4.888493,1
7.22604,13.02948,1
8.327288,8.540999000000001,1
17.69046,21.59555,1
16.58353,18.16115,1
12.35425,31.96708,1
2.471138,5.482761,1
18.4925,29.42421,1
10.1196,7.162078,1
20.40245,3.9433190000000002,1
12.71589,4.531656,1
24.35859,-4.0644,1
21.74312,15.90887,1
12.27208,-9.612116,1
18.29681,22.38563,1
3.530957,8.673297,1
5.026042,36.03767,1
-0.8633009,-7.5862490000000005,1
26.83892,13.137129999999999,1
19.11999,7.209714999999999,1
-0.8841637,27.152540000000002,1
-5.191529,29.65612,1
9.796095,15.435979999999999,1
11.66314,10.63428,1
9.925199,26.80364,1
33.90998,15.026520000000001,1
9.57004,9.2481,1
-16.2653,13.90024,1
15.10579,3.350049,1
-4.186504,7.964410000000001,1
12.54816,32.51867,1
-7.733469,9.634491,1
18.91337,15.7414,1
-1.050022,-4.003455000000001,1
-6.894765,1.0418020000000001,1
23.05031,-12.76934,1
25.96073,11.445219999999999,1
7.950795,6.811407000000001,1
-3.669517,-4.329696,1
10.52266,23.3561,1
26.29452,10.51806,1
12.42904,23.15663,1
0.1170239,24.652739999999998,1
-1.040023,1.629857,1
11.16266,9.0201,1
13.61452,0.8832188,1
8.028045,14.82966,1
20.40253,22.0472,1
8.818028,18.904239999999998,1
-0.3163153,21.406010000000002,1
7.190193,9.139619999999999,1
-0.4711474,-8.29095,1
16.6546,-1.519889,1
10.51711,-5.018592,1
17.96306,14.46713,1
-1.315535,11.6027,1
5.113728,3.9614339999999997,1
32.25842,-2.712702,1
-10.59094,15.402920000000002,1
21.60892,17.750020000000003,1
11.31144,1.031762,1
11.30595,3.0689580000000003,1
15.51137,8.943091,1
15.37201,18.17922,1
3.77755,13.33419,1
17.27989,13.977979999999999,1
-3.349734,26.6599,1
15.72571,6.373983,1
25.50999,15.158370000000001,1
16.68281,18.95937,1
-4.734694,24.095679999999998,1
25.08795,19.69376,1
7.038364,10.6667,1
4.521214,-6.635304,1
6.454509,13.662720000000002,1
5.322541,22.3855,1
0.6316529,19.79414,1
-5.669132,11.32511,1
9.843806,-4.695499,1
15.39168,14.145270000000002,1
1.289581,10.09948,1
17.10334,6.207793,1
17.13273,6.609228,1
9.70176,12.33497,1
18.80351,-3.160759,1
6.08478,4.689186,1
-6.025192,26.612579999999998,1
4.237603,7.315439,1
16.82231,8.133560000000001,1
-4.768829,28.65819,1
0.5061416,4.9462980000000005,1
12.57349,10.41494,1
16.35374,6.874306,1
0.1009744,2.5902529999999997,1
13.67556,-12.72959,1
2.477362,8.42026,1
14.99279,15.163929999999999,1
29.71711,15.628739999999999,1
17.48491,3.3823,1
13.45815,-4.13764,1
2.2072,-1.554494,1
23.05134,24.39491,1
32.74222,25.56641,2
15.56297,24.94262,1
8.132651,8.998712,1
0.4580866,-9.891244,1
-9.164294,5.029294,1
-3.031709,20.23346,1
12.12393,15.103,1
19.95281,29.149820000000002,1
13.00477,27.230929999999997,1
10.4399,25.7741,1
0.351724,12.2222,1
10.37312,6.863772999999999,1
17.95419,4.455694,1
21.06292,3.6078669999999997,1
6.069686,9.325338,1
14.00808,11.5225,1
-1.777792,14.62108,1
0.7525703,-7.381838,1
-2.329547,5.070321,1
1.77457,6.2785720000000005,1
10.69576,16.30571,1
18.11151,34.12422,1
0.2417766,27.046429999999997,1
-0.4202355,4.105829,1
15.41425,14.782570000000002,1
8.463556,23.04895,1
12.03072,17.41157,1
18.68731,6.949078999999999,1
6.369355,5.7003260000000004,1
21.82924,5.564074,1
7.61541,-5.024376999999999,1
5.823252,18.40279,1
22.35203,8.526174000000001,1
6.434616,21.16974,1
0.5560946,-4.8660760000000005,1
6.737062,-11.7331,1
-1.392677,14.64543,1
4.935136,24.86809,1
20.35508,26.981240000000003,1
8.624667,10.67174,1
16.31749,11.640830000000001,1
9.014875,14.422460000000001,1
17.59833,26.66023,1
2.636649,24.04782,1
13.82606,16.27159,1
10.39783,3.804893,1
-6.27359,3.878999,1
-11.88057,0.1788024,1
21.02048,9.690716,1
18.25632,16.941270000000003,1
24.96351,-1.158215,1
10.13696,6.446662,1
3.509066,16.55414,1
2.409921,-0.3445188,1
16.0843,7.562616,1
5.987025,7.456533,1
12.63902,14.350810000000001,1
7.392535,22.613039999999998,1
10.37212,-1.25827,1
-19.01791,0.6507304,1
3.030817,4.580993,1
34.0303,-3.7164230000000003,1
-5.843476,13.79137,1
36.95611,-1.245269,1
-0.188409,-1.86653,1
17.28285,1.558553,1
8.9204,29.19455,1
-5.873556,6.456733,1
17.76259,24.02293,1
12.49482,22.470670000000002,1
12.6087,3.212588,1
3.606599,14.24789,1
20.48342,13.74531,1
31.6423,13.04685,1
4.745898,7.317133,1
-5.295478,6.001008000000001,1
7.238307,19.98631,1
6.144599,19.910339999999998,1
9.837835,8.336385,1
18.64695,5.146764,1
-0.5638628,9.673976,1
5.21368,21.831429999999997,1
-0.1993878,9.176207000000002,1
22.42831,8.390862,1
19.39561,-7.4128240000000005,1
31.28428,4.131464,1
8.380888,0.2647594,1
7.84069,13.20062,1
23.85992,6.171501,1
6.188661,24.926379999999998,1
18.08387,19.742079999999998,1
14.23096,12.43815,1
14.4807,8.661634,1
30.91987,17.57755,1
4.117051,3.299065,1
18.10072,9.572447,1
-3.777019,1.115207,1
18.47156,8.861407,1
30.69195,21.9132,1
1.838687,13.1765,1
14.22135,16.96163,1
27.70961,10.52575,1
9.956135,7.890053999999999,1
11.7273,14.000860000000001,1
2.154482,14.163470000000002,1
-0.2120434,1.330881,1
-1.738983,16.9849,1
2.299075,-0.29342579999999996,1
22.01149,-0.4469464,1
4.275241,16.67383,1
19.38943,4.436821,1
8.80722,13.23823,1
-0.7658179,-4.004811,1
12.69128,13.529160000000001,1
12.73131,7.050802,1
8.388222,23.453470000000003,1
23.42708,4.598641000000001,1
4.046104,7.634936,1
7.667025,3.193633,1
22.60801,5.130319999999999,1
14.74391,28.767329999999998,1
20.53201,8.01565,1
16.46037,16.81531,1
12.70669,11.48214,1
-1.474059,3.329562,1
35.04961,14.4484,1
2.529177,15.567210000000001,1
28.9961,-15.578339999999999,1
10.57878,6.307686,1
5.52815,14.124270000000001,1
12.48016,2.7289220000000003,1
18.10028,3.891689,1
11.17125,11.10063,1
14.58538,25.99213,1
27.21567,-1.980637,1
-1.40271,22.3755,1
-14.66871,9.792318,1
28.25157,14.285070000000001,1
2.688756,3.0299970000000003,1
9.58344,12.00506,1
3.65772,1.6498709999999999,1
3.575705,14.80241,1
34.62557,4.384648,1
36.12292,12.058489999999999,1
12.56065,-4.733039,1
37.48364,34.12808,2
1.915274,22.28056,1
18.14029,3.569117,1
-1.214981,-3.3185839999999995,1
7.646434,29.922590000000003,1
-2.844509,13.711179999999999,1
14.62733,16.4933,1
-0.3742695,15.06495,1
10.15795,13.336120000000001,1
19.4574,11.29307,1
-6.23644,9.581524,1
0.2870638,6.756246000000001,1
7.025387,8.299629,1
6.205405,29.41931,1
12.37304,4.152157,1
-8.001964,15.628429999999998,1
9.879504,13.94365,1
12.83222,20.98375,1
10.71142,18.593329999999998,1
10.09704,9.915216000000001,1
17.89963,6.451302,1
-6.720686,14.993670000000002,1
3.712734,7.361372,1
-16.22395,17.81785,1
8.71418,24.10122,1
17.05254,5.227864,1
-14.69171,31.799870000000002,1
7.943416,10.26803,1
14.00498,21.54721,1
-1.302871,2.063343,1
-0.7624772,7.001411999999999,1
21.54626,21.13478,1
1.232726,12.78234,1
1.602791,2.210584,1
-6.679344,12.61919,1
-6.89254,2.9427950000000003,1
12.32427,22.68294,1
21.02468,26.13788,1
6.443124,-3.984948,1
22.39199,13.589070000000001,1
18.06598,2.7535220000000002,1
8.136961,22.73404,1
13.14208,24.21235,1
11.51451,15.922279999999999,1
-2.505605,15.30741,1
3.29959,13.2484,1
-4.795219,1.21583,1
29.08478,10.30137,1
5.12492,4.627426,1
17.06078,9.965354,1
-0.340825,11.859589999999999,1
15.29532,9.07695,1
6.39995,23.04672,1
14.52243,17.693360000000002,1
28.85673,4.007333999999999,1
10.77192,5.787269,1
7.428645,15.77705,1
-6.637651,14.04711,1
17.08812,8.223101,1
15.07757,-13.689429999999998,1
-22.15215,9.511638,1
5.04531,1.784843,1
-2.521792,-7.60383,1
32.85505,0.32100409999999996,1
6.070759,5.579687,1
3.508814,-3.7383290000000002,1
9.818843,2.407706,1
11.93353,18.784670000000002,1
2.850058,-4.31489,1
5.20408,6.957638,1
13.56349,9.160739999999999,1
2.631175,5.677225,1
6.517994,-0.974309,1
15.80081,19.642329999999998,1
14.07388,-1.5770520000000001,1
-3.888388,0.4062882,1
18.69151,10.06134,1
21.0912,26.459509999999998,1
2.459292,6.8383259999999995,1
6.513192,-0.7243316999999999,1
24.3063,14.39751,1
13.94559,0.7581209,1
-2.664707,-6.36948,1
8.106246,0.4920085,1
17.07317,25.84198,1
6.049433,22.92962,1
23.94025,27.279809999999998,1
-7.401308,-3.5558080000000003,1
2.926755,22.41698,1
-2.774311,-21.36068,1
-3.094624,16.60375,1
15.66338,18.608179999999997,1
22.3694,20.29701,1
-0.984013,23.2461,1
28.63485,4.79718,1
21.88014,12.66741,1
-3.621506,4.7501430000000004,1
12.52111,8.464080000000001,1
-22.49599,0.13929160000000002,1
17.33361,3.268888,1
-6.884011,-1.824905,1
10.21154,24.45211,1
12.14809,12.065760000000001,1
-1.924867,-0.13613440000000002,1
21.60187,10.23303,1
15.66342,13.893720000000002,1
15.0212,9.187742,1
13.60186,16.88655,1
4.554105,37.176320000000004,1
12.56063,7.900061,1
-11.53464,11.63952,1
24.58798,1.860825,1
-8.381909,14.354070000000002,1
-6.114265,7.363372999999999,1
-5.19861,12.786760000000001,1
21.17985,10.369810000000001,1
6.734995,23.19933,1
10.19698,15.43111,1
12.04076,17.23649,1
25.86829,2.396404,1
-5.335044,7.578044,1
9.824228,6.06933,1
14.24967,27.39351,1
5.553391,13.30626,1
9.224884,-2.7027229999999998,1
16.72743,15.952370000000002,1
13.19714,14.475179999999998,1
13.47672,-4.123874,1
6.28349,11.55091,1
15.38618,-8.226192,1
10.96815,9.922543,1
14.3925,3.203174,1
22.91966,20.66688,1
12.9942,15.3486,1
24.38812,18.26395,1
-9.467832,0.6434593000000001,1
-5.988947,22.67049,1
-1.766619,18.50818,1
-2.997209,15.36209,1
-2.980586,14.541870000000001,1
19.18525,12.05587,1
18.62052,-6.348775,1
4.541831,3.5867989999999996,1
2.029832,35.52395,1
18.08133,6.853875,1
16.55184,29.25978,1
20.81487,0.2041338,1
4.773241,11.55061,1
17.54123,24.48917,1
11.232,27.956590000000002,1
19.88413,3.3734900000000003,1
-3.511829,6.03616,1
19.83789,5.660164,1
21.5811,2.3089009999999996,1
12.77548,11.26171,1
-3.640386,-8.611116,1
22.1939,13.675070000000002,1
24.52809,3.520373,1
-2.055682,19.0635,1
22.10497,10.32231,1
11.01341,25.31104,1
19.34416,17.969070000000002,1
-3.011348,22.65403,1
4.864152,-1.2461200000000001,1
-12.93381,4.052313,1
-3.225042,2.0660119999999997,1
27.51631,9.72616,1
15.95689,0.2902336,1
5.763955,18.514029999999998,1
24.53113,23.72683,1
12.13776,-1.241701,1
-6.742276,10.8888,1
1.712732,14.68423,1
4.114345,23.43694,1
24.57423,17.20925,1
12.09148,-2.061826,1
6.380095,19.50401,1
15.4881,21.719079999999998,1
3.572731,-3.0781490000000002,1
26.35669,20.47212,1
14.78471,23.345860000000002,1
-1.279279,0.9330042,1
0.01129247,8.008011999999999,1
5.984768,1.961941,1
8.858572,17.184720000000002,1
19.37649,2.122504,1
9.10579,19.51155,1
9.643453,6.241649,1
-3.109174,18.91863,1
10.541,-3.3949540000000002,1
4.573325,11.782969999999999,1
22.98676,10.07359,1
-10.77961,14.08271,1
5.63292,18.08959,1
5.782557,12.32168,1
27.1903,10.58244,1
8.92082,30.34188,1
-1.781047,10.98773,1
-0.7274996,-7.879213,1
23.33998,16.66643,1
16.00585,1.3749639999999999,1
22.97108,15.7172,1
8.993785,-9.014578,1
8.249774,-2.679776,1
5.368688,12.60516,1
25.45515,22.222579999999997,1
16.10149,11.38547,1
25.9423,5.396589,1
13.96851,23.8073,1
1.059773,2.482886,1
11.19896,27.34923,1
10.01848,12.379000000000001,1
-5.964017,14.30957,1
14.69272,13.940270000000002,1
5.162226,-3.949188,1
16.13654,2.4912810000000003,1
-8.427487,17.28569,1
17.46026,23.52985,1
4.839787,2.035094,1
24.78075,8.787683,1
3.28531,-2.7043060000000003,1
1.317184,13.352889999999999,1
5.000647,13.50562,1
-2.902717,2.2402900000000003,1
12.86082,12.72926,1
6.369858,11.56653,1
5.91316,24.22981,1
-4.098757,-5.008349,1
-0.7625945,18.5798,1
15.58506,11.27319,1
5.403196,11.22043,1
-1.124667,31.28172,1
6.120589,10.168239999999999,1
6.07585,31.160290000000003,1
-8.399909,8.830895,1
36.17882,-22.1776,0
2.199297,12.84548,1
8.845364,21.62596,1
-14.18104,1.871214,1
34.64086,11.64993,1
-0.7696695,8.42469,1
-6.12447,23.05465,1
-14.65142,10.9695,1
11.58703,14.496579999999998,1
0.8204501,10.62322,1
28.5049,10.303360000000001,1
-8.36784,4.386019,1
32.45148,7.488422999999999,1
6.733568,18.12497,1
10.64451,16.76856,1
3.219324,19.57019,1
10.74578,27.00378,1
4.207717,2.8513580000000003,1
13.87413,13.78015,1
-10.31962,15.46054,1
11.65267,1.7431299999999998,1
25.78439,2.9618849999999997,1
12.48763,18.15628,1
7.276056,14.082579999999998,1
9.188286,18.244870000000002,1
7.066136,17.03944,1
2.462034,7.6449419999999995,1
12.10048,15.32802,1
-0.531199,13.14534,1
10.19152,5.414251999999999,1
8.34839,17.09359,1
-7.409304,15.4642,1
15.99423,13.51288,1
-6.608865,-0.9393074,1
13.86558,6.0940010000000004,1
24.64994,6.4942459999999995,1
20.51858,17.59508,1
11.26143,2.0136830000000003,1
5.034868,7.499159,1
1.19408,23.50754,1
13.19178,12.763630000000001,1
9.728273,11.807160000000001,1
13.9332,15.7472,1
18.43648,12.18253,1
12.60749,32.6225,1
6.429051,1.972634,1
12.33216,-14.739579999999998,1
17.02514,8.819268,1
39.89024,23.99687,2
20.98933,17.29635,1
11.65338,-5.657587,1
15.09138,25.02662,1
11.22707,-8.075130999999999,1
10.76558,-4.988425,1
3.910868,18.411929999999998,1
9.769555,15.26871,1
12.98944,5.868339,1
15.62113,6.474136,1
10.13399,-2.499796,1
1.27228,6.644602000000001,1
28.93972,2.331538,1
-10.50514,20.750970000000002,1
0.2242924,22.1642,1
23.20978,11.40963,1
17.61025,1.9741650000000002,1
7.37956,-5.537147,1
10.10124,5.680655000000001,1
18.15361,9.892188,1
21.83601,26.09115,1
19.94091,14.92146,1
-1.475135,8.28278,1
-7.943031,-3.830219,1
11.30458,8.819061999999999,1
20.7643,6.118451,1
12.46828,7.275092999999999,1
16.64017,1.6723240000000001,1
-11.45466,7.741682000000001,1
7.891755,-8.190833,1
5.29503,24.11116,1
6.695052,20.8704,1
5.536268,15.65921,1
-1.786147,18.384710000000002,1
10.10925,19.378120000000003,1
12.36446,25.654429999999998,1
24.26076,6.211672,1
-2.913374,-0.5345634,1
19.30486,14.99081,1
-7.134083,-5.31856,1
6.658128,-0.8207126,1
13.56779,3.181591,1
9.165157,12.44468,1
16.57652,19.44045,1
13.04035,25.82305,1
12.10189,-7.604383,1
3.820956,7.389069,1
10.48589,11.97492,1
15.89318,17.60414,1
4.465372,18.83929,1
6.583345,25.99912,1
-3.657566,8.821053,1
9.940546,-12.20743,1
28.13562,-7.671817999999999,1
7.351463,3.724133,1
25.14936,4.756451,1
-6.347524,11.70047,1
8.469816,1.8548259999999999,1
15.9227,21.054489999999998,1
13.16243,22.88495,1
6.61163,7.602461999999999,1
14.55212,-1.466516,1
5.984364,2.7614509999999997,1
-2.990747,18.67975,1
10.47763,13.9604,1
15.70686,3.7114519999999995,1
31.10299,3.897385,1
-0.2682848,14.073920000000001,1
15.77137,3.525233,1
-4.961974,27.054190000000002,1
10.78593,2.022093,1
18.0671,31.1079,1
7.007197,16.15708,1
5.324583,16.398020000000002,1
25.69982,3.056635,1
20.72,23.58926,1
2.090151,9.11213,1
14.57106,-6.990855000000001,1
15.51143,-5.554229,1
25.34928,25.96264,1
-2.523716,6.682417999999999,1
-0.2446706,-0.7271909000000001,1
-3.787227,2.679385,1
4.146919,13.84954,1
3.629787,-4.12287,1
27.08326,19.22561,1
9.194675,18.3967,1
12.34312,2.642345,1
7.808154,4.437537,1
11.60988,7.291999000000001,1
5.989497,8.107000000000001,1
4.259952,9.585877,1
16.38846,16.90853,1
5.568457,7.260552000000001,1
22.8137,7.456842,1
14.04878,15.9274,1
3.027084,7.603089999999999,1
18.73794,0.02478778,1
28.05616,31.567790000000002,2
-0.3963638,-3.104964,1
-1.199626,12.69042,1
0.7270734,2.26189,1
27.09159,15.82479,1
8.936564,4.499611,1
18.23345,15.64262,1
-0.429218,2.211029,1
15.6607,19.989720000000002,1
14.23374,15.76271,1
5.829822,10.34468,1
4.230915,1.7355209999999999,1
12.19179,15.03855,1
5.103175,3.64185,1
7.08866,6.2657,1
0.01341287,14.39395,1
16.07051,12.183710000000001,1
31.6029,8.55297,1
-14.94727,16.5969,1
38.0434,2.1385919999999996,1
24.30645,7.067761,1
29.12768,5.911166000000001,1
2.734299,9.551941000000001,1
5.490974,15.109879999999999,1
25.76946,3.324707,1
15.67774,28.04655,1
27.45951,4.0046029999999995,1
6.71577,17.91905,1
4.453012,4.265516000000001,1
21.77856,12.285969999999999,1
12.709,12.25582,1
6.460027,2.503197,1
-8.207786,27.72911,1
9.914433,14.1201,1
14.48534,4.178134,1
15.60438,1.9431200000000002,1
-1.809368,9.6628,1
16.42695,-3.171427,1
6.084253,10.33377,1
8.627294,-2.30743,1
14.28665,3.929615,1
-11.54532,-20.01888,1
5.575772,10.673739999999999,1
-2.537058,10.25853,1
20.09051,9.33872,1
-8.85235,13.48051,1
4.209417,17.801070000000003,1
10.57944,13.80524,1
1.86462,11.39824,1
10.84852,18.48534,1
-0.7703359,24.88074,1
14.36989,10.3415,1
1.489437,-4.1963099999999995,1
26.44959,3.562471,1
-4.266789,3.653826,1
8.976836,18.40393,1
20.77485,13.18247,1
27.63714,19.139110000000002,1
16.29336,8.550991999999999,1
16.87829,14.83276,1
16.82551,9.976617,1
5.165351,6.9856,1
50.97437,19.260070000000002,0
-0.1216837,14.117770000000002,1
-8.032165,11.65195,1
-0.7711908,9.478467,1
7.822278,4.63563,1
-2.542693,31.299459999999996,1
12.41543,10.056569999999999,1
10.44706,6.147121,1
10.02766,15.330329999999998,1
15.52898,5.2413989999999995,1
9.747575,11.99029,1
19.98159,14.5416,1
18.36432,-4.593780000000001,1
13.22721,7.873434,1
-0.5568769,6.233604,1
7.476011,16.644470000000002,1
-2.541061,16.41452,1
14.30498,11.84888,1
3.967357,20.72875,1
0.2271643,29.08483,1
11.57322,14.5351,1
2.318771,19.85869,1
1.748142,10.93859,1
17.78253,4.558751999999999,1
-4.290225,4.425946,1
16.53104,4.671925,1
7.546088,10.278939999999999,1
13.15203,8.540096,1
0.5304746,18.33461,1
21.35885,27.10033,1
-0.527498,17.29681,1
12.94586,12.23683,1
20.56008,-0.5277433000000001,1
0.369141,-4.90859,1
10.88581,-2.084885,1
1.047853,14.6625,1
17.28469,1.17794,1
8.224514,18.21265,1
18.79663,1.558912,1
2.294629,11.462639999999999,1
13.16382,15.708060000000001,1
11.96874,22.31844,1
18.1468,1.8365939999999998,1
6.30985,10.4237,1
12.49809,13.023430000000001,1
6.254294,28.356859999999998,1
20.57987,19.258470000000003,1
-0.675866,6.132365,1
-2.52902,29.848770000000002,1
2.531129,31.624390000000002,1
16.98884,14.579229999999999,1
2.599834,20.39453,1
6.326382,0.826507,1
13.8971,7.505789999999999,1
-5.493487,19.43579,1
21.96003,24.61082,1
7.303667,2.841022,1
22.35765,1.493998,1
2.104918,5.705926,1
26.18462,-9.626669999999999,1
20.80766,10.34603,1
10.57028,34.39865,1
-7.880563,13.95659,1
6.534681,16.05914,1
6.421189,22.4082,1
2.536329,2.955975,1
17.02943,29.768240000000002,1
-0.4862341,12.23679,1
1.188364,8.102704,1
-3.906957,5.578883,1
5.441873,5.874897,1
18.66013,-4.470882,1
13.33514,3.557717,1
24.12527,18.525470000000002,1
12.98691,17.43439,1
13.35877,9.173119,1
13.41857,-0.07619125,1
5.224356,22.719929999999998,1
10.34212,16.27103,1
-0.3693704,11.25666,1
12.91639,31.99353,1
0.9090181,24.91849,1
-1.409272,9.203924,1
-4.365977,16.916610000000002,1
10.25595,22.35262,1
12.43669,10.237680000000001,1
-1.170456,15.72802,1
-6.229601,23.02026,1
9.663633,25.294179999999997,1
9.05127,12.58227,1
0.8767106,20.081310000000002,1
4.492934,16.617639999999998,1
15.53079,10.37215,1
0.789848,22.08501,1
15.88278,10.7026,1
15.65385,1.855822,1
7.006049,1.034778,1
18.06041,-0.4099859,1
19.50145,22.84672,1
14.34475,-0.5536328,1
6.584492,24.95815,1
0.721706,16.4536,1
8.034842,9.826132000000001,1
22.07318,10.31959,1
8.20879,16.102610000000002,1
-0.6540285,7.418589999999999,1
33.90343,3.274898,1
15.55832,13.55292,1
7.387878,15.86786,1
5.051225,16.534370000000003,1
5.229687,18.39176,1
9.339954,9.981995,1
14.02917,2.4193700000000002,1
3.084545,30.352929999999997,1
-9.022234,3.566726,1
8.187902,10.07435,1
4.389926,10.11696,1
17.49107,9.631412,1
25.94192,6.535813,1
14.06103,2.905847,1
4.658055,-5.764765000000001,1
19.84404,19.12729,1
15.56143,9.62353,1
7.178256,14.85566,1
22.64227,4.8169699999999995,1
-7.804288,-1.111585,1
-5.118906,7.387376,1
6.152764,14.22517,1
8.551857,24.93599,1
3.134369,-6.6323669999999995,1
-1.164893,18.86306,1
48.1905,56.00666999999999,2
48.32863,76.0944,2
31.44145,62.66712,2
37.60916,64.75492,2
52.68577,71.53609,2
48.723,83.29384,2
31.85518,59.354380000000006,2
55.55334,57.319559999999996,2
29.06337,49.349920000000004,2
50.45302,78.01416,2
33.5429,51.27797,2
45.11086,46.34557,2
43.73054,67.13846,2
55.90229,44.41355,2
35.51136,63.02239,2
36.66438,60.00176999999999,2
39.22292,42.76795,2
25.76358,72.0769,2
42.31278,66.04035,2
46.66542,58.45405,2
57.76221,50.79996,2
53.64062,53.194390000000006,2
55.59307,72.58209000000001,2
34.6382,62.93818,2
68.81378,49.40914,2
38.22668,55.082119999999996,2
42.41835,73.77797,2
44.42384,52.0499,2
32.44594,52.46474,2
43.85302,49.00594,2
52.93561,51.52707,2
46.05927,70.18995,2
44.43309,58.9645,2
53.3247,66.99565,2
54.93488,52.0303,2
44.00335,60.1725,2
38.54234,53.11563,2
26.89144,60.176930000000006,2
27.22742,47.074729999999995,2
24.60301,58.44653,2
45.18391,69.45772,2
35.58807,73.17408,2
28.12908,44.06283,2
39.83815,48.70388,2
40.05444,79.05227,2
54.45572,49.344879999999996,2
58.99003,59.51809,2
47.31255,47.80124,2
46.05767,70.08161,2
51.1862,60.577830000000006,2
58.01157,62.877269999999996,2
31.05124,61.88555,2
32.63545,43.24568,2
59.21907,75.16453,2
40.6654,81.79757,2
35.82676,67.83398000000001,2
49.35519,75.29319,2
57.81302,55.61863,2
36.07083,51.26997,2
33.88886,48.836940000000006,2
38.75301,68.91596,2
44.30184,53.376540000000006,2
43.40867,62.64091,2
36.25078,46.248870000000004,2
35.66046,40.16179,2
44.1886,74.18132,2
42.35297,68.86938,2
59.72761,71.64868,2
41.7742,74.69192,2
39.48583,58.30031999999999,2
46.18587,49.02519,2
32.8916,50.17133,2
31.03531,72.2532,2
47.2611,67.1427,2
43.63065,63.04766,2
43.20379,57.586940000000006,2
34.45682,54.82336,2
36.08501,68.00059,2
55.93224,63.07734,2
30.01013,67.8034,2
40.17444,50.23319,2
40.51248,61.16069,2
44.84228,59.17143000000001,2
44.95826,65.09772,2
49.34734,52.566880000000005,2
24.18327,63.48712,2
41.57294,48.41452,2
36.97141,65.02328,2
39.83944,49.224759999999996,2
39.42764,46.07249,2
33.85577,58.8609,2
32.44452,46.98045,2
35.12357,78.56973,2
36.99186,63.62753000000001,2
44.04283,69.94757,2
47.66477,59.804069999999996,2
46.3599,59.65951999999999,2
71.56261,53.91534,2
28.92869,46.33052,2
47.19929,41.39569,2
48.15507,83.98581,2
48.4477,54.651740000000004,2
35.18339,68.19836,2
52.26128,50.64056,2
35.77592,62.37214,2
43.37792,60.652640000000005,2
40.40879,53.21294,2
46.39126,64.80001999999999,2
61.87996,62.7935,2
18.99094,54.794619999999995,2
35.54591,64.34436,2
50.37548,68.05591,2
54.54673,60.98913,2
44.13707,53.407059999999994,2
45.55372,70.63025,2
45.68042,41.9937,2
55.04569,48.46728,2
37.81383,42.245329999999996,2
33.56491,78.10993,2
19.2699,67.18515,2
37.28481,37.79198,2
39.77556,44.83249,2
35.46314,70.30631,2
40.41439,65.25805,2
26.7135,60.60958,2
40.50345,57.22231,2
29.83138,55.35326,2
40.04233,60.386919999999996,2
40.95189,51.6069,2
51.68887,52.471759999999996,2
24.69499,50.50501,2
62.78684,55.417280000000005,2
21.08624,48.07032,2
22.0205,45.01294,2
41.01136,45.20848,2
41.47629,49.69875,2
43.15526,69.96186999999999,2
29.06922,31.398120000000002,2
33.97264,58.3128,2
35.58473,46.376670000000004,2
31.52146,61.449909999999996,2
38.50949,54.9348,2
48.51959,45.1665,2
51.80655,48.92263,2
59.93333,41.366040000000005,2
37.52437,65.41436,2
41.38512,58.3734,2
59.89985,45.3802,2
46.32288,49.542359999999995,2
45.69158,60.92593000000001,2
36.79516,78.20391,2
30.70871,70.33036,2
51.97064,80.70323,2
50.47091,64.8867,2
52.55752,66.85835,2
38.0208,75.94703,2
47.81833,58.65439,2
45.85127,67.85252,2
51.34424,68.26302,2
37.33317,67.98246999999999,2
45.61133,63.20619,2
31.50764,65.71172,2
28.51895,73.79701,2
50.74807,53.57638000000001,2
39.53701,69.93831999999999,2
49.56372,68.6858,2
57.41644,42.79595,2
35.55559,58.523469999999996,2
42.96314,37.97548,2
41.98642,55.80981,2
32.55532,46.44257,2
32.34528,60.57506,2
24.44857,51.36618,2
39.53357,64.53081999999999,2
28.80983,55.80426,2
39.83018,55.04155,2
39.42011,44.53216,2
42.75812,66.42826,2
23.17606,56.86704,2
25.55901,68.7241,2
18.26403,40.023270000000004,2
30.70777,63.310140000000004,2
49.43437,79.62605,2
41.15351,60.28376,2
36.17541,65.56798,2
44.08116,51.84447,2
43.27453,68.85571,2
49.39423,60.628980000000006,2
50.53357,46.03307,2
42.95269,71.277,2
30.57404,76.27772,2
35.20991,69.40798000000001,2
39.5469,58.25396,2
40.54202,68.29326,2
42.14727,63.224,2
39.30898,55.780190000000005,2
50.05859,57.093419999999995,2
43.67538,63.21723000000001,2
39.79353,43.73809,2
43.44539,50.19695,2
41.67813,55.28961999999999,2
48.594,69.64589000000001,2
38.46082,61.08416,2
53.26524,63.82018000000001,2
49.0517,66.49995,2
39.31737,67.48604,2
41.24618,49.47654,2
37.88715,59.91647,2
41.14622,63.44699,2
32.52164,73.23534000000001,2
41.10812,44.68184,2
25.34895,55.25141,2
41.9661,60.38896,2
40.65187,61.11229,2
31.38396,66.525,2
59.78578,38.49133,2
31.3399,63.09048000000001,2
40.92554,60.437709999999996,2
29.67727,66.38073,2
32.59683,33.867090000000005,2
20.88727,56.18753,2
37.8447,51.01321,2
40.57783,69.06488,2
59.67326,74.55561999999999,2
36.6854,50.436040000000006,2
45.94,57.68176,2
64.98144,79.71206,2
36.98331,65.35463,2
45.67468,55.15185,2
37.51643,49.06353,2
51.32067,56.63374,2
46.13968,46.26812,2
46.3057,50.07933,2
58.78482,35.372840000000004,2
24.40643,58.87376,2
42.22782,61.23968000000001,2
19.33637,69.78316,2
39.09501,60.004540000000006,2
31.54544,56.185559999999995,2
46.81052,51.33483,2
37.31417,60.64799,2
35.31276,64.61462,2
47.03397,66.32737,2
43.20051,64.01385,2
57.78369,73.30975,2
51.95346,50.6932,2
37.04092,60.51894,2
33.26079,75.71045,2
45.94416,71.49937,2
35.73385,46.9001,2
40.76379,67.68751,2
35.14554,65.5663,2
35.66175,56.80016,2
28.88317,43.268029999999996,2
31.27264,66.3293,2
34.13748,60.96088,2
47.33729,68.169,2
31.18816,78.43963000000001,2
37.92156,63.1141,2
53.294,55.50261999999999,2
61.38426,59.91205,2
43.75808,67.45812,2
38.92632,43.12086,2
30.63075,79.46695,2
28.52392,59.144580000000005,2
34.3243,60.94347,2
24.5469,64.80247,2
36.00817,46.68387,2
21.60583,46.62644,2
44.03259,64.42778,2
33.99769,56.55145,2
43.60366,61.25346,2
46.92525,54.086890000000004,2
50.50127,60.62361,2
53.49198,41.07875,2
42.67635,55.93246,2
27.99422,53.68188000000001,2
39.43207,57.01566,2
26.77366,63.055,2
42.40971,49.95729,2
36.22691,57.21221,2
38.46163,67.33074,2
43.78143,65.92309,2
32.78291,73.01238000000001,2
34.33231,60.31763,2
38.62762,57.39558,2
40.80154,39.943659999999994,2
34.4872,50.56793,2
37.28235,51.46425,2
36.29004,72.62875,2
27.32446,51.975359999999995,2
43.01795,72.62218,2
30.62136,49.73988,2
51.54357,37.5978,2
54.47479,52.035070000000005,2
46.6837,76.38964,2
36.40191,55.50854,2
32.79919,57.241319999999995,2
63.01717,51.677859999999995,2
30.48439,39.33047,2
36.6763,87.27119,2
18.94383,59.33327,2
43.45898,51.92991,2
37.48009,68.55787,2
45.79938,71.73394,2
39.69381,58.778969999999994,2
43.60521,51.59496,2
49.18213,66.20721,2
25.83677,47.102740000000004,2
30.90342,53.13581,2
40.20493,60.96742,2
46.98463,52.612809999999996,2
39.37106,46.29081,2
40.281,59.035830000000004,2
40.44173,47.78119,2
37.66053,59.73406,2
38.11046,44.89672,2
48.2845,41.49009,2
49.2973,63.16118,2
22.48131,74.58899,2
52.90003,58.66274,2
39.1711,60.65303,2
46.23943,65.03093,2
38.69597,84.08148,2
40.79527,49.7543,2
42.84691,57.79911,2
65.71859,53.45975,2
32.24807,67.18961999999999,2
37.50528,72.15233,2
46.19626,63.37228,2
46.93901,50.99902,2
30.82879,59.55766,2
53.35965,52.761790000000005,2
48.15439,68.73671999999999,2
33.21166,38.87962,2
29.92048,77.03939,2
37.6465,56.99416,2
35.9354,77.82079,2
47.70036,64.47489,2
25.77065,62.45383,2
41.92523,57.7624,2
34.45473,60.32253000000001,2
30.77576,52.58115,2
26.14364,66.58151,2
47.21836,51.68076,2
55.78841,57.978790000000004,2
43.2989,56.97968,2
40.87212,27.316159999999996,2
49.88417,32.45283,2
20.55912,57.01987,2
25.06116,44.75805,2
26.01595,55.764109999999995,2
37.25416,65.31094,2
53.36999,53.562380000000005,2
38.84896,56.97574,2
39.51915,61.65769,2
37.02022,69.50709,2
50.74908,56.244769999999995,2
35.7051,58.495619999999995,2
44.44394,67.48245,2
54.81738,61.413059999999994,2
45.88216,63.423759999999994,2
39.53611,65.04189000000001,2
44.80203,50.211859999999994,2
29.91771,71.56390999999999,2
25.37846,64.61015,2
41.21589,64.27741999999999,2
51.48426,68.01100000000001,2
59.85225,60.61618000000001,2
51.70456,47.81819,2
47.91999,46.15824,2
41.99199,65.34492,2
53.38919,71.59792,2
50.13654,58.47133,2
43.55886,50.078109999999995,2
44.48821,73.62916,2
27.92514,67.88335,2
36.57076,72.47041999999999,2
35.29817,65.07594,2
51.4997,63.69956,2
49.04667,65.28074000000001,2
38.21852,56.447990000000004,2
35.58804,44.72433,2
27.65341,61.1188,2
41.22976,53.65146,2
32.00885,46.29029,2
46.49651,55.931869999999996,2
25.12809,45.545609999999996,2
31.50795,35.048320000000004,2
32.441,70.15026,2
50.46987,56.496269999999996,2
53.02414,48.18963,2
46.28482,64.75075,2
21.90914,60.495580000000004,2
38.16132,56.99729,2
32.70623,53.865080000000006,2
30.58785,74.07853,2
42.87658,64.60489,2
41.16918,50.85736,2
40.4065,56.962680000000006,2
27.98043,54.99941,2
39.86144,65.40418000000001,2
44.06916,58.017869999999995,2
41.27358,47.032709999999994,2
29.50536,50.076370000000004,2
42.72526,52.065940000000005,2
55.88999,57.75395,2
43.43729,45.53989,2
45.21592,56.23551,2
21.46886,50.97331,2
40.8175,63.635040000000004,2
34.89724,64.74254,2
38.82377,54.30611999999999,2
39.81253,61.8196,2
42.25532,62.65005,2
44.36548,49.87988,2
31.58178,55.53971,2
35.25133,53.15156999999999,2
50.77632,74.22147,2
46.64062,37.81122,2
50.71756,53.06595,2
49.07775,59.12901,2
26.63234,64.19726999999999,2
48.79625,38.62079,2
22.20029,73.11573,2
44.41,53.046490000000006,2
63.88825,48.97889,2
33.57092,63.84941,2
44.85232,62.17386,2
43.81482,57.735690000000005,2
32.16317,58.71496,2
34.76834,55.57443000000001,2
27.02004,60.166869999999996,2
36.84926,46.012209999999996,2
36.16788,68.04738,2
54.34972,51.9426,2
47.11679,77.18788,2
57.4229,32.305,2
52.18029,65.10573000000001,2
51.85909,67.51661,2
49.03182,60.34069,2
45.43005,59.776990000000005,2
33.16007,67.7972,2
28.07412,60.4441,2
37.39232,60.045880000000004,2
41.7159,54.8672,2
32.7979,73.65913,2
48.73786,49.54446,2
55.61709,57.06916,2
26.59618,54.89858,2
42.08567,40.12172,2
52.21176,52.755390000000006,2
36.55513,62.319430000000004,2
31.43811,50.333729999999996,2
40.87347,69.90448,2
25.97094,68.05601999999999,2
35.18777,47.83521,2
30.72323,53.49924,2
41.99314,50.87471,2
30.88503,59.035419999999995,2
55.63384,51.22741,2
37.70752,54.48603000000001,2
27.17879,73.22714,2
55.74353,35.896029999999996,2
25.66439,58.535619999999994,2
17.00957,68.39095999999999,2
43.95091,61.0425,2
38.8072,53.42418000000001,2
40.30421,55.30517,2
39.78672,57.06535,2
63.90414,56.32496,2
48.88094,67.82444,2
58.40254,79.28048000000001,2
39.70721,64.78928,2
47.59079,51.5511,2
44.84636,52.34264,2
21.27829,50.89752,2
56.59843,65.83452,2
37.48017,57.397040000000004,2
49.15954,46.12192,2
37.66307,57.0688,2
41.86126,63.41366,2
51.73052,66.6951,2
47.64847,58.08665,2
35.17402,56.00186,2
45.44158,84.85019,2
63.14872,70.52519000000001,2
42.08557,54.22346999999999,2
46.01514,58.37922,2
42.11817,66.59673000000001,2
26.51054,64.8716,2
28.67938,67.39531,2
29.98758,56.67641,2
23.97532,53.69432,2
54.47663,68.48246999999999,2
25.66849,56.62031999999999,2
36.40398,63.52458000000001,2
37.76594,48.95203,2
44.49676,53.933840000000004,2
41.21254,67.43937,2
14.46949,62.26729,2
26.00632,58.30301,2
47.84569,51.46759,2
44.96501,81.81427,2
52.12286,65.78259,2
34.2726,65.021,2
36.36313,63.946290000000005,2
20.33037,62.20769,2
58.24481,54.45848,2
28.1422,76.06569,2
40.83747,60.211980000000004,2
29.58027,51.326159999999994,2
41.68749,56.74836,2
19.3453,49.81644,2
39.10978,59.98583000000001,2
30.06011,59.574090000000005,2
30.11872,48.14224,2
26.80173,69.78267,2
41.4497,56.78115,2
39.84126,49.97964,2
59.78358,61.26106,2
45.44818,64.82023000000001,2
58.4162,58.58034,2
36.46915,65.33484,2
47.39338,54.896190000000004,2
55.97659,75.71833000000001,2
25.90733,51.43085,2
56.32167,55.584309999999995,2
59.47724,54.725480000000005,2
36.04946,34.22141,2
34.61991,75.20385,2
40.56393,60.7759,2
23.05746,43.83699,2
49.64375,49.0249,2
22.87106,59.36683000000001,2
41.12026,55.79939,2
55.2759,52.32505,2
45.41858,69.30771,2
42.58969,48.273740000000004,2
59.78563,54.978280000000005,2
46.41741,52.72119,2
13.42948,57.035619999999994,2
50.9471,56.93176,2
46.0973,47.2256,2
34.89751,71.07395,2
26.31495,49.99565,2
30.89327,79.22578,2
43.23482,46.73741,2
44.94405,50.6335,2
45.22232,80.58161,2
7.826419,39.47855,1
33.07619,72.86371,2
52.04657,62.56454,2
41.67568,60.359359999999995,2
55.84756,67.5848,2
36.04547,49.41498,2
36.28569,60.10168,2
45.72856,50.07189,2
39.05539,54.94165,2
20.2726,48.62656,2
27.33974,51.36997,2
46.13468,55.69144,2
44.96999,65.99128,2
46.39057,67.48663,2
47.08233,60.20998,2
36.53939,60.509859999999996,2
38.75325,61.35403,2
42.64909,57.29917,2
23.09582,70.34206,2
42.44851,44.21829,2
33.49563,71.32774,2
47.07288,55.7378,2
24.9612,53.32379,2
45.48775,65.85651,2
59.20356,68.74465,2
44.00992,50.52786,2
43.68642,83.65863,2
41.87053,51.922259999999994,2
43.72969,46.00091,2
38.52629,76.75724,2
53.42536,73.632,2
39.33739,51.29871,2
36.66598,51.51536,2
41.96913,61.30644,2
35.25198,60.78493,2
33.56147,59.854319999999994,2
33.07125,49.41556,2
48.44303,51.90851,2
40.75025,68.0989,2
50.35784,54.57351,2
44.57279,78.77866999999999,2
24.52693,68.57829,2
54.20255,63.618359999999996,2
41.30357,66.8662,2
37.41374,71.92524,2
26.86204,55.374590000000005,2
39.55137,43.2294,2
47.00566,53.659330000000004,2
38.12361,57.12999,2
37.52485,80.64694,2
39.20578,62.21249,2
52.36179,58.99351,2
45.0324,47.69177,2
40.86912,38.84561,2
48.08253,68.39591999999999,2
54.8749,66.84655,2
24.57269,71.18354000000001,2
35.00761,57.033,2
43.44146,65.25961,2
43.16221,47.03518,2
34.24286,62.92888000000001,2
43.58324,56.57035,2
36.35557,67.91736999999999,2
35.1833,55.002280000000006,2
44.51795,68.3382,2
54.39144,37.30894,2
45.86727,87.3137,2
39.09084,66.78102,2
27.79925,58.74916999999999,2
33.06475,78.47807,2
23.54635,55.198409999999996,2
43.46392,64.71713000000001,2
35.42679,54.08204,2
34.19314,71.58672,2
10.8867,68.44097,2
56.59104,64.01100000000001,2
47.3817,56.873569999999994,2
38.49504,60.46255,2
52.51262,67.06044,2
44.5458,57.88389,2
44.03849,53.62613,2
36.41589,56.97656,2
50.31431,61.405269999999994,2
30.72297,53.84721999999999,2
29.87761,61.216359999999995,2
59.26816,69.29843000000001,2
35.04088,61.202819999999996,2
44.87322,43.20948,2
29.24664,51.7367,2
50.04572,53.456990000000005,2
47.97724,69.38969,2
29.6133,70.91985,2
30.89345,61.36776,2
31.74421,58.71527,2
36.60416,56.83749,2
47.78417,53.40695,2
23.22726,57.4777,2
51.37993,65.01276,2
31.36008,63.86529,2
46.77678,65.41521999999999,2
44.1524,46.765809999999995,2
41.43843,54.11403000000001,2
53.77942,55.54833000000001,2
33.7694,79.58606999999999,2
35.79716,55.520559999999996,2
30.53843,72.95658,2
46.22857,34.535509999999995,2
39.67892,62.874990000000004,2
36.81919,52.387029999999996,2
34.27178,48.92915,2
42.32842,63.12152,2
46.33527,63.28706999999999,2
53.53398,51.14082,2
40.61128,50.21093,2
50.62107,40.452090000000005,2
36.47783,78.33963,2
52.38983,64.53774,2
30.01806,75.31725,2
39.00967,50.87296,2
22.71875,67.99089000000001,2
61.24,65.89064,2
39.18396,65.65822,2
44.69035,57.93645,2
58.0471,69.76289,2
51.25563,61.33045,2
46.92124,83.3785,2
46.25302,66.06521,2
52.40546,66.73065,2
40.28902,53.288909999999994,2
44.73831,63.29274,2
43.15397,65.65951,2
44.85846,77.73084,2
42.86439,67.90505,2
56.25276,58.54541,2
51.62415,67.15460999999999,2
44.7667,61.485240000000005,2
48.91067,66.60661,2
20.23477,59.030730000000005,2
18.98427,70.79776,2
16.33768,68.84142,2
49.40031,47.88199,2
41.66533,67.50779,2
59.2293,74.68412,2
58.47326,53.63286,2
62.36667,50.95881,2
21.85536,54.86045,2
40.38865,61.31855,2
40.74187,47.65873,2
58.00854,42.82972,2
45.35452,41.83214,2
66.66133,50.6532,2
33.77558,62.475069999999995,2
48.09134,64.89226,2
40.08256,51.44899,2
29.58933,58.19596,2
43.58031,65.94927,2
53.30803,36.98284,2
28.87137,51.90188,2
56.40753,62.59392,2
29.47485,32.19725,2
33.29645,67.43765,2
38.72936,56.59565,2
32.29439,53.9696,2
32.41527,48.44307,2
45.76281,64.38473,2
33.8258,59.168240000000004,2
22.67527,54.223859999999995,2
13.19942,60.1388,2
29.50579,55.28771,2
45.70325,56.31371,2
43.70217,61.486000000000004,2
29.53128,66.01217,2
34.58708,54.27694,2
51.84493,61.97,2
46.43159,55.3816,2
47.37223,63.453790000000005,2
28.52821,68.99037,2
53.74314,61.20763,2
29.91581,63.06654,2
51.85804,68.08115,2
24.65317,60.970690000000005,2
45.07661,64.13075,2
34.09175,59.97359,2
49.69564,67.62843000000001,2
43.0814,55.202819999999996,2
36.45465,50.92306,2
45.95494,50.09121,2
34.86304,61.43269,2
31.35199,65.54097,2
28.85687,70.20236,2
38.01644,45.00452,2
39.33137,61.019909999999996,2
45.43656,53.363080000000004,2
21.14175,39.8683,2
52.64809,71.72782,2
36.58138,39.92153,2
36.92193,64.58077,2
17.71107,64.94933,2
43.15869,54.234480000000005,2
47.18889,60.86159,2
43.73414,62.9692,2
46.89299,65.56661,2
42.87272,43.29337,2
40.53452,61.72891,2
48.3142,54.04765,2
38.05576,45.26198,2
22.1779,68.1016,2
56.94227,86.55324,2
34.75308,55.7262,2
33.97889,52.78297,2
40.91016,65.19449,2
33.7199,57.27735,2
49.14691,64.16595,2
48.61678,65.28603000000001,2
28.11857,45.330890000000004,2
20.4317,51.46033,2
50.93737,74.1835,2
22.29103,75.65685,2
43.51035,58.554019999999994,2
60.11132,58.98568,2
61.21623,69.80801,2
48.33622,41.196020000000004,2
33.39445,65.82391,2
29.34521,59.855880000000006,2
54.38664,80.36837,2
34.7127,57.47011,2
40.33881,57.22665,2
62.24166,51.57828,2
40.15035,56.58465,2
38.71685,70.14773000000001,2
39.12633,60.63593,2
51.69781,63.27919,2
25.68791,40.27335,2
47.94294,43.087920000000004,2
67.88265,60.984030000000004,2
26.55077,50.80384,2
46.29426,47.39325,2
31.52882,62.19854,2
57.78245,63.38965,2
38.04019,67.43048,2
37.7145,51.81503,2
62.57692,60.83238000000001,2
28.86001,51.2246,2
41.62214,58.10787,2
23.74967,67.99766,2
46.85755,54.24618,2
37.5762,62.86578000000001,2
56.43054,64.46651999999999,2
23.42326,62.49845,2
44.27762,57.30138,2
40.88654,73.0129,2
35.14983,69.20756,2
24.17791,55.47302,2
41.70554,59.55818000000001,2
36.33261,42.50658,2
39.01491,47.29492,2
44.81983,67.23057,2
40.07327,53.917390000000005,2
30.90242,79.43701999999999,2
36.81031,51.52639,2
43.03812,57.54671,2
32.79469,64.19816,2
37.48284,63.44551,2
45.29159,76.73057,2
35.24219,55.9317,2
38.39624,63.384119999999996,2
34.79193,55.69379,2
48.43391,46.13215,2
59.01439,65.74738,2
35.53231,63.11478,2
40.90201,74.3216,2
41.53148,42.03367,2
35.52626,83.71515,2
27.84255,60.091,2
43.60266,62.19615,2
24.29746,62.7834,2
30.38543,52.901340000000005,2
52.67648,32.67734,2
36.9756,68.24067,2
37.8756,68.28506,2
48.75739,53.39937,2
56.86054,59.49221,2
57.58251,67.85455,2
42.30235,54.44661,2
56.72005,71.69892,2
34.09218,56.2818,2
47.25593,56.96026,2
23.48291,54.36535,2
23.12866,65.25963,2
51.5916,62.71912,2
20.53896,47.69149,2
51.81452,52.076440000000005,2
48.44256,51.18517,2
62.44255,45.78976,2
17.27593,60.46275,2
53.77579,65.79630999999999,2
37.08417,63.94993,2
47.97955,55.616690000000006,2
35.22937,74.55077,2
26.42555,55.0765,2
40.20962,64.5191,2
58.95403,59.6799,2
17.21381,69.54397,2
32.95241,52.18707,2
59.68467,40.53054,2
30.58042,63.08006999999999,2
48.74949,70.51133,2
50.65636,59.32031,2
40.4251,50.73494,2
45.28402,51.53691,2
34.34718,47.58747,2
38.59024,51.33721,2
40.71961,74.12315,2
40.37913,50.36806,2
47.26266,70.09016,2
34.55216,56.49265,2
42.125,66.37105,2
56.81907,44.97096,2
53.69397,66.83374,2
45.11847,74.85613000000001,2
27.42444,66.70893000000001,2
11.50407,56.95046,2
49.0322,62.76543,2
23.48502,75.85309000000001,2
50.98872,71.68141,2
27.57767,62.33503,2
47.66222,65.10868,2
45.13893,67.17903000000001,2
45.78568,69.31007,2
47.92223,65.00936,2
48.03205,47.785709999999995,2
43.65009,56.48259,2
28.54301,59.48517,2
48.14451,60.26351,2
30.73458,53.41976,2
41.65806,72.97176999999999,2
47.42073,72.11551,2
54.31567,51.07155,2
37.98036,67.0989,2
58.32997,63.25209,2
43.19876,60.36071999999999,2
28.11309,72.51996,2
37.01089,69.21339,2
32.97436,69.77639,2
34.20864,61.298869999999994,2
31.93696,62.87588,2
30.94324,70.95922,2
43.49319,59.84101,2
27.81164,72.67459000000001,2
32.15255,42.51905,2
51.29612,79.81878,2
38.0315,54.715030000000006,2
29.27812,62.24455,2
44.40411,68.84855,2
23.34787,61.94084,2
49.36656,64.14016,2
17.60005,69.14876,2
30.85341,54.0978,2
44.90497,63.7959,2
57.36587,58.50857,2
49.0943,69.75703,2
26.6611,68.32285,2
40.70467,53.430719999999994,2
28.55086,56.30226,2
36.25912,59.3196,2
48.98826,66.10667,2
33.26312,69.86829,2
32.02353,58.184830000000005,2
27.30424,55.4792,2
51.44975,71.13834,2
59.81329,47.9164,2
51.14651,60.196000000000005,2
61.69583,47.11762,2
36.56804,68.23382,2
40.64832,66.75034000000001,2
45.86368,68.31128000000001,2
44.60644,60.167930000000005,2
35.88663,49.38532,2
57.68279,60.16859,2
51.6255,49.496829999999996,2
42.5861,62.545030000000004,2
46.0202,56.69676,2
46.45453,58.70955,2
38.30502,49.6469,2
48.84556,65.31183,2
30.15666,63.67134,2
38.53791,56.766659999999995,2
23.9704,68.72659,2
50.02861,63.9783,2
45.18616,61.15616,2
43.502,73.08999,2
44.7494,43.9657,2
60.56076,43.47697,2
51.11581,80.65344,2
35.88928,62.03462,2
32.33509,52.6811,2
49.07877,68.18728,2
50.33895,64.57106,2
49.26652,79.60231,2
18.55579,68.16774000000001,2
41.00905,45.10266,2
28.00344,61.47371,2
18.14624,60.1302,2
53.95843,68.46303,2
52.5372,68.16769000000001,2
38.93926,62.98392,2
29.05058,62.4427,2
41.75223,64.63294,2
37.64791,47.91551,2
48.79252,64.57806,2
51.77635,55.95868000000001,2
27.10765,58.84145,2
38.6845,49.5615,2
44.48639,56.53763000000001,2
23.60541,43.46694,2
38.7037,61.0992,2
43.00739,55.95437,2
51.56791,63.639430000000004,2
25.26915,63.87523,2
42.56982,67.66801,2
38.08915,64.5408,2
34.78496,45.51393,2
35.88933,55.3666,2
47.22242,66.03583,2
51.96253,51.7511,2
40.78976,59.285540000000005,2
41.27407,67.80852,2
44.66972,69.17705,2
39.15088,54.56051,2
29.16955,64.9487,2
31.77423,66.87607,2
53.4651,62.77485,2
40.41047,72.14114000000001,2
42.61213,59.063759999999995,2
39.57467,62.27438000000001,2
54.50277,49.35228,2
57.91767,56.73445,2
45.64944,53.13589,2
21.88918,49.30231,2
51.04494,68.31933000000001,2
42.09716,72.15952,2
43.04227,53.48631999999999,2
47.14463,56.0835,2
45.62461,77.81975,2
55.20789,58.716530000000006,2
36.05181,53.086290000000005,2
43.73998,58.943369999999994,2
34.23256,65.07769,2
20.95196,74.2487,2
32.88314,79.69149,2
38.36533,59.0739,2
44.56165,52.40328,2
39.33794,70.14443,2
49.1245,67.76719,2
22.91567,56.117709999999995,2
45.63892,47.58675,2
42.75653,63.07043,2
46.39609,68.40751,2
46.88703,66.433,2
54.88489,75.612,2
34.0548,57.12219,2
37.38898,62.3226,2
48.23034,62.03111,2
54.79647,59.397240000000004,2
59.52773,50.58208,2
50.2512,67.96679,2
46.22677,54.53655,2
48.98464,58.146209999999996,2
45.09392,64.88113,2
44.77223,44.4438,2
34.00083,59.089569999999995,2
28.31505,36.303740000000005,2
53.05011,67.34682,2
25.10745,42.70245,2
46.08558,61.97675,2
50.62893,45.19788,2
46.68802,47.420629999999996,2
43.07386,77.93637,2
36.70228,53.660540000000005,2
11.47373,68.61527,2
42.08087,66.43765,2
37.96224,52.463530000000006,2
28.30779,70.53446,2
59.18555,62.19979,2
43.39802,63.35423,2
37.68739,55.333059999999996,2
48.85135,64.6936,2
42.29553,61.3545,2
53.10208,61.651830000000004,2
44.18706,56.29505,2
47.34497,61.47756999999999,2
34.5298,67.07189,2
22.82447,57.02137,2
48.27827,53.97093,2
45.27673,52.04495,2
44.17967,64.35678,2
33.85752,60.598580000000005,2
29.57068,55.91483,2
43.5061,62.07275,2
26.33832,73.38955,2
13.77208,64.03381,2
37.39434,60.17785,2
25.09434,55.0823,2
41.91991,45.2935,2
54.31478,53.6106,2
42.18649,61.341590000000004,2
47.74056,60.98222,2
38.6671,54.8464,2
34.33136,63.668659999999996,2
45.49676,46.211090000000006,2
48.64805,50.69878,2
59.7194,53.672380000000004,2
48.14389,64.17408,2
55.16922,76.47846,2
51.50727,65.82463,2
42.69824,71.33099,2
52.7367,66.52017,2
44.49347,44.03264,2
42.79715,51.570609999999995,2
50.60694,52.839940000000006,2
37.5125,68.15924,2
46.73844,65.58825,2
30.74257,54.61626999999999,2
52.50878,63.62914,2
18.06539,67.96441,2
36.22066,49.6668,2
26.8746,69.52796,2
46.44655,53.950269999999996,2
37.5481,59.69554,2
26.17275,73.02736,2
42.92903,70.03363,2
36.25652,64.53602,2
32.71939,57.83974,2
45.61599,61.58367,2
39.26789,57.98376,2
34.55469,66.68845,2
36.45908,70.13852,2
41.83166,77.96375,2
25.83818,63.53773,2
27.9007,58.79853000000001,2
41.00502,68.62589,2
34.09975,75.41776999999999,2
29.14662,51.121359999999996,2
41.39825,53.92034,2
54.13261,51.89971,2
36.2243,62.59828,2
29.95055,56.407219999999995,2
46.80503,70.14497,2
41.96831,67.27118,2
12.71827,62.29628,2
44.39297,59.58195,2
24.46523,63.578680000000006,2
29.6177,59.74445,2
21.74248,50.45285,2
29.35508,70.05808,2
27.22644,75.18531999999999,2
51.79697,61.69157,2
44.62026,47.410059999999994,2
34.06684,52.82305,2
43.62076,50.27394,2
42.41596,68.93131,2
49.61633,54.8229,2
33.73294,67.42624,2
55.72386,76.51932,2
27.83457,62.72257,2
49.89798,51.15889,2
60.58085,69.45195,2
56.16207,70.20759,2
51.31114,74.59144,2
40.39541,54.17054,2
52.45226,55.429880000000004,2
45.69188,51.24299,2
45.85658,65.63105,2
55.69338,65.96500999999999,2
36.04146,62.1499,2
28.33257,70.274,2
41.79587,77.08113,2
38.54986,81.29446999999999,2
40.67175,54.77458000000001,2
38.67076,67.80664,2
35.75459,52.148070000000004,2
47.64047,62.95349,2
44.38814,50.86422,2
55.07092,45.49946,2
47.48012,58.80583000000001,2
40.05356,72.84874,2
41.29422,67.83528000000001,2
36.53526,78.04978,2
23.52244,51.33826,2
42.98621,55.512080000000005,2
25.60867,47.51016,2
31.30385,71.48902,2
54.79936,68.69215,2
33.32064,69.45271,2
42.24906,47.52644,2
29.504,48.87712,2
31.42953,52.802369999999996,2
51.66205,57.32731999999999,2
38.16498,53.45429,2
44.65573,61.14825,2
68.77616,-23.90883,0
56.22534,-5.294665,0
84.62974,-8.592495,0
95.91765,-17.08491,0
66.93266,-3.231932,0
68.5361,-26.18595,0
76.53591,-3.304326,0
76.23439,-11.4189,0
54.16949,-19.011229999999998,0
72.58262,-16.83923,0
81.56219,-1.6943830000000002,0
67.99164,-17.64808,0
64.71255,-14.86299,0
70.76205,-13.4053,0
80.15953,-1.895146,0
64.54891,-1.1883700000000001,0
72.76769,-1.9139540000000002,0
79.9837,-20.64003,0
79.13871,3.93355,0
44.28213,1.785785,0
64.1403,-9.613207000000001,0
59.16926,13.10082,0
81.54203,8.749848,0
74.12215,-22.669610000000002,0
69.51984,-12.94162,0
80.76502,-7.2388710000000005,0
54.98248,-5.827399,0
63.85516,-1.502977,0
70.24579,-22.480829999999997,0
64.31788,-12.37871,0
86.6356,-20.3488,0
84.94551,-11.81974,0
84.22009,0.2136558,0
64.29858,-7.748638000000001,0
78.10973,-14.831339999999999,0
75.86112,-11.63541,0
90.31363,-6.734307,0
62.72575,-18.50824,0
75.54213,-4.170342,0
65.45658,-10.579939999999999,0
61.91086,-20.552870000000002,0
59.13503,-18.54382,0
60.52482,4.0029580000000005,0
80.68502,-10.625639999999999,0
66.77925,-6.613982000000001,0
66.15932,-12.41949,0
66.32986,-0.9856625,0
63.90113,-8.54786,0
82.86773,-7.530378,0
85.21556,-24.698710000000002,0
67.60797,6.669538,0
66.35771,-24.43254,0
65.34889,-16.15385,0
95.9356,-13.87495,0
55.30122,-3.164437,0
53.70588,-22.06458,0
58.04943,-2.860465,0
75.83075,-11.85008,0
61.31218,-19.0784,0
77.7234,-2.8773459999999997,0
85.97016,-17.81126,0
68.26376,-19.15556,0
77.10473,-19.015279999999997,0
78.19132,-8.509058,0
65.10429,-3.4356199999999997,0
79.52807,-27.63379,0
75.18258,-6.52501,0
73.22818,-3.601662,0
67.87865,6.670039999999999,0
67.49999,-3.656658,0
68.73451,-14.8505,0
68.80344,0.2036219,0
70.23388,-1.111902,0
74.11479,-7.362882000000001,0
52.94662,-26.11158,0
61.4234,4.10658,0
75.64492,-27.29068,0
70.19157,-15.426739999999999,0
57.02136,-28.379559999999998,0
62.74637,-13.187999999999999,0
65.85207,-20.20264,0
74.1682,-9.089777,0
69.75043,-0.3842613,0
57.04818,-16.48449,0
78.25997,-7.99833,0
63.72304,-24.23505,0
64.25357,-12.80524,0
60.51129,-0.3604612,0
64.83588,-2.828358,0
64.00904,-28.74335,0
84.36928,1.672451,0
65.89382,-9.091981,0
66.97235,-19.932470000000002,0
84.08383,6.852011999999999,0
68.23765,2.762476,0
72.25073,-17.15958,0
55.23472,3.7892660000000005,0
75.93697,-4.40856,0
68.67339,-4.801611,0
56.01145,-17.8486,0
77.52585,-15.70033,0
88.95077,-19.44843,0
61.68007,8.509057,0
94.70014,-6.385033,0
66.70215,-29.732640000000004,0
77.82463,-10.06171,0
87.91064,-30.96477,0
61.9166,-8.827060000000001,0
80.87708,-0.7162395,0
80.89673,-23.389860000000002,0
66.70298,4.8035120000000004,0
63.19015,-20.61243,0
76.81372,-26.90243,0
65.06876,4.386009,0
95.32207,-16.98335,0
57.72157,-15.60494,0
55.37355,0.15829129999999997,0
69.38057,-12.99076,0
67.81506,-4.811255,0
76.97593,-8.36036,0
77.27475,4.903346,0
83.35947,-22.26367,0
61.09789,-14.29766,0
65.82687,-19.21419,0
74.95858,-4.134062,0
62.60687,13.20539,0
51.71922,-0.1788583,0
74.93252,-0.5864232,0
79.38506,-19.2217,0
75.77722,-26.50406,0
58.46342,-15.13272,0
75.47081,-22.60266,0
44.91439,-5.197128,0
68.68961,12.47448,0
61.03369,0.7950335999999999,0
58.83893,-2.2764349999999998,0
82.02278,-8.854353999999999,0
70.77446,-12.752989999999999,0
79.77536,-28.66915,0
74.93503,-3.3277699999999997,0
72.12925,-12.27785,0
80.84457,-2.636685,0
57.63159,-1.221671,0
80.52416,6.845383,0
63.2352,-24.72682,0
82.18422,-29.512190000000004,0
97.35694,-2.163071,0
60.78475,-31.039820000000002,0
70.74291,-22.159979999999997,0
74.0169,14.51656,0
66.91939,-12.24789,0
76.09503,4.343312999999999,0
81.78097,-8.727155999999999,0
80.09553,-4.232298,0
73.32889,1.538375,0
62.58947,4.468431,0
67.35439,-16.61995,0
86.32658,-14.45837,0
71.04987,-2.6832439999999997,0
83.78762,26.497329999999998,0
74.85747,-5.059505000000001,0
77.72216,6.0935239999999995,0
68.97789,-4.123292,0
59.17707,-14.73758,0
50.49705,-17.90728,0
80.156,6.28412,0
73.31786,-9.305126,0
59.61196,-4.4250680000000004,0
68.88152,-9.893832000000002,0
88.66383,-7.909438000000001,0
54.22847,-16.32238,0
71.32836,2.896152,0
77.83042,-5.410922,0
72.29527,-1.6438080000000002,0
60.87722,-22.1124,0
90.33483,-5.948239,0
74.31378,-20.850820000000002,0
73.68492,-4.392175,0
67.73081,-18.78214,0
70.87401,-13.91332,0
58.89813,-1.2636290000000001,0
61.02102,-13.007589999999999,0
63.88495,4.276434,0
60.26458,0.7716272,0
70.30639,-11.66815,0
73.19178,-4.823114,0
58.26951,-13.581539999999999,0
73.826,-5.296698999999999,0
76.70216,-7.703344,0
69.07478,2.6927380000000003,0
55.76127,-27.63965,0
84.63778,0.841825,0
74.96148,11.91875,0
57.6636,-23.91239,0
64.04885,-6.910765,0
71.5033,-0.02369585,0
82.15275,-21.6081,0
63.34114,-25.3215,0
73.77465,-8.064701,0
72.78902,-25.23712,0
60.628,-17.69653,0
70.46724,-13.250960000000001,0
71.33598,-35.301759999999994,0
78.18223,-4.003611,0
65.29634,-14.71507,0
79.06381,-17.52429,0
59.79717,-15.80204,0
77.98643,0.14855,0
79.18679,-22.84098,0
61.1682,-17.87923,0
73.55363,3.7185639999999998,0
71.21541,-7.743013,0
72.69725,-10.52523,0
66.1658,8.654269000000001,0
66.57901,-7.96869,0
77.53841,-7.255456,0
68.90079,-1.174505,0
75.15744,-4.303189,0
60.93241,-19.6263,0
70.77527,-15.19386,0
61.57277,-19.84966,0
74.40188,-12.65376,0
76.09887,-8.812416,0
63.0071,4.700768,0
55.08188,-13.813310000000001,0
62.74949,-7.885534,0
69.52172,-11.22383,0
72.21619,1.537016,0
86.36201,-19.03397,0
57.06537,-8.751387,0
65.3979,-1.594234,0
62.21588,-17.88168,0
66.55029,-26.346490000000003,0
63.71606,-2.147129,0
61.24889,11.37515,0
67.01504,-13.9139,0
76.54024,7.571401,0
51.77094,-18.34046,0
85.88293,3.3027599999999997,0
61.10013,-12.41815,0
59.85202,-5.652476,0
75.82624,-20.09061,0
61.68382,-13.309220000000002,0
57.11461,-14.71895,0
77.37225,-1.998448,0
56.9189,-5.607814,0
68.24066,-16.7783,0
70.99341,-20.21861,0
55.90017,-24.42781,0
65.72708,-12.626719999999999,0
86.9104,-2.218481,0
60.30796,-21.13974,0
58.89599,-13.65608,0
64.42315,2.896175,0
68.26449,-1.292433,0
60.80457,-16.41014,0
74.24806,-23.904770000000003,0
68.40987,-1.351733,0
75.19914,-17.88874,0
53.99338,-16.79015,0
64.66423,-11.21753,0
78.41882,-8.131473,0
90.1256,-24.57763,0
78.52343,-23.97729,0
69.83008,-6.2027019999999995,0
76.66716,-10.954839999999999,0
73.33869,-14.50632,0
54.61538,0.822026,0
75.07177,2.72507,0
72.55125,16.4744,0
75.25325,4.462008999999999,0
63.05424,-12.704889999999999,0
74.84572,-6.913638000000001,0
81.29542,-18.13609,0
86.43307,1.7146,0
58.70364,-4.059786,0
50.14929,-14.31598,0
63.98909,-11.18955,0
65.58124,-11.163730000000001,0
78.43384,1.611536,0
81.6864,-7.565635,0
71.32661,-24.2114,0
56.50423,-0.6708519000000001,0
66.49155,-11.932269999999999,0
77.01996,-7.084207000000001,0
83.91402,-1.3721299999999998,0
69.80927,-12.62827,0
59.75429,1.039816,0
97.82028,-16.56395,0
91.93916,-1.150087,0
67.92403,-17.03266,0
61.81742,9.498615,0
71.14845,-8.638981,0
66.59299,-32.46637,0
68.46967,-30.534990000000004,0
75.83458,-3.566499,0
79.48316,-30.800590000000003,0
63.92749,-11.3843,0
67.65975,-9.337537,0
67.92516,4.484799,0
65.09831,-11.52629,0
70.69653,-15.150479999999998,0
77.50496,-9.722227,0
88.75939,-10.3208,0
66.10896,-26.77577,0
48.80508,-22.4844,0
77.87479,-5.751227,0
74.65789,-8.919705,0
82.11505,-1.623908,0
73.36298,-14.605429999999998,0
71.40567,-4.340033,0
58.62062,-10.19077,0
65.29806,2.156136,0
72.86081,-11.82809,0
71.3769,-9.252214,0
84.13732,8.626088000000001,0
70.62952,-29.138309999999997,0
74.71705,-17.16086,0
69.74262,-8.386807000000001,0
72.60228,-4.416258999999999,0
62.13006,-22.79853,0
60.11729,11.88867,0
76.74555,-17.363889999999998,0
67.41577,-9.266467,0
73.11009,-23.10049,0
79.32548,-15.702810000000001,0
104.3766,4.351511,0
66.86716,-19.87777,0
89.33103,-12.80378,0
35.74094,-24.00127,0
76.09913,-18.21636,0
69.3201,-5.764337,0
64.45351,-9.646416,0
81.06175,-21.19148,0
58.83277,-3.300213,0
59.77071,-6.573427000000001,0
69.73292,-22.09676,0
66.791,-10.47102,0
49.65516,-1.8697380000000001,0
70.70066,-15.89514,0
72.20053,-12.37627,0
65.95326,-16.931829999999998,0
74.20015,-14.89715,0
72.81212,-3.046355,0
57.88044,-4.081336,0
48.90072,-21.98084,0
61.67483,4.149319,0
72.80554,-5.543254,0
82.24438,-8.71373,0
68.85194,-0.9684210999999999,0
70.258,-5.573562,0
51.29503,3.890627,0
71.87862,1.95838,0
74.26682,0.2268598,0
73.88967,-4.138421,0
72.43866,-8.702069999999999,0
68.84693,-4.473853,0
67.4579,-11.51909,0
63.23736,-4.332619,0
67.04572,-8.749687,0
61.14106,-20.129179999999998,0
59.06593,-36.59645,0
63.0932,-9.511965,0
64.19505,-4.122554,0
69.14382,-6.864114999999999,0
68.2186,-13.96171,0
80.78812,-21.61113,0
62.15595,-5.59855,0
76.2021,-0.3535414,0
67.71612,-21.95391,0
66.87748,-13.763729999999999,0
81.16841,-12.7322,0
77.52612,-16.854770000000002,0
73.13333,-14.03496,0
62.92608,-13.9975,0
51.79126,6.185827,0
69.15686,-9.004087,0
62.27294,-7.576707000000001,0
62.86968,-8.90002,0
59.75554,-18.64859,0
55.93825,-5.324996,0
63.37816,8.626922,0
89.06512,-18.00787,0
59.49207,-21.839000000000002,0
63.0717,4.1653,0
74.18266,-14.39385,0
72.99597,-21.99502,0
74.54878,0.68999,0
72.79072,-13.423789999999999,0
68.58779,0.48901940000000005,0
83.4991,-3.712483,0
85.60566,-2.3473889999999997,0
49.33336,-16.45131,0
80.25808,-17.90534,0
73.99424,-3.416731,0
71.49039,-32.68723,0
75.56422,-35.10705,0
50.77177,-5.560257,0
63.31959,3.6956870000000004,0
62.63376,-20.60124,0
72.48474,-9.643281,0
55.5865,-23.306929999999998,0
51.66027,-29.96612,0
53.65475,-5.412205999999999,0
89.75272,-8.296797999999999,0
60.46186,2.98287,0
80.376,-11.60401,0
61.82472,-13.039639999999999,0
73.42504,-12.028369999999999,0
72.77863,1.591326,0
67.30395,-22.65711,0
71.1454,-6.820285,0
91.37652,-10.324530000000001,0
70.45771,-2.015341,0
65.35571,-2.156085,0
86.14405,-6.644713,0
40.98589,-20.96894,0
85.28412,-16.273020000000002,0
84.69904,-11.246360000000001,0
78.1619,-22.53974,0
63.30449,-7.136283000000001,0
50.9626,-0.5868151999999999,0
78.5982,-24.0221,0
71.42413,-15.80383,0
73.3584,1.431008,0
63.5102,-10.89118,0
64.3641,-38.681090000000005,0
79.91314,-16.899739999999998,0
70.61451,-13.64807,0
77.37191,-29.6917,0
62.43318,4.515735,0
66.53034,-23.73638,0
53.39924,-8.951078,0
82.79707,-3.4061739999999996,0
65.8034,-11.19213,0
87.72446,-1.788042,0
68.37877,-11.21265,0
76.46407,1.250499,0
67.35838,-1.9772939999999999,0
89.75777,-20.19515,0
71.4421,-6.040679,0
74.56606,-8.156191999999999,0
68.46404,-7.432017999999999,0
78.44227,-13.592820000000001,0
73.10613,5.701017,0
62.34706,-22.548939999999998,0
51.82533,-14.28696,0
70.39661,-5.694306,0
76.49829,-4.378538,0
61.48431,-16.319029999999998,0
61.80352,1.297201,0
76.0211,-7.230397999999999,0
60.64451,7.604861,0
71.70814,-12.86116,0
76.83708,-18.12474,0
78.40622,-18.09712,0
68.72024,-23.952370000000002,0
50.06301,-20.203529999999997,0
87.69692,-11.42972,0
86.99997,4.574135,0
68.19161,-20.04976,0
68.08471,-28.09651,0
64.0625,-10.7499,0
74.93968,-13.940029999999998,0
74.13194,-7.691431,0
67.39908,-22.57539,0
73.78174,0.6641589,0
55.11437,-11.707880000000001,0
82.80132,-13.10405,0
61.3069,7.839162,0
66.26919,-2.282228,0
59.19792,-11.328489999999999,0
62.44526,-30.15219,0
49.19779,-11.719510000000001,0
72.94774,-8.344704,0
59.87773,-5.742763,0
73.47509,-4.283149,0
85.36645,-16.46919,0
69.38539,-1.9069450000000001,0
62.15073,-5.052795,0
64.23726,-13.3351,0
72.92104,0.791644,0
77.48227,-23.13051,0
77.34316,3.181548,0
69.85361,-9.066127,0
70.68102,-3.58606,0
84.16232,-24.39767,0
57.46576,4.544233999999999,0
63.88039,1.74088,0
92.76103,1.320703,0
86.41515,-12.48442,0
63.23813,0.6457113,0
72.81642,-17.780910000000002,0
52.98323,1.240638,0
66.03696,-15.12986,0
63.82113,-8.541133,0
84.74937,-21.77988,0
66.82718,-18.493570000000002,0
66.8739,-7.117552000000001,0
90.11309,-13.73802,0
43.88975,-13.82,0
81.08251,-12.44169,0
62.29297,-16.469920000000002,0
58.55329,-23.56855,0
56.00959,8.877158999999999,0
76.57934,-6.1733970000000005,0
82.2019,-6.9652970000000005,0
73.04178,-14.762939999999999,0
69.56355,-12.55183,0
52.04093,-14.04998,0
73.3532,-7.789966000000001,0
63.90973,-12.61178,0
50.83435,-1.439128,0
72.19453,-16.442320000000002,0
74.73565,-25.90802,0
68.85865,-10.91415,0
80.10725,-4.844485,0
73.59379,-2.3005400000000003,0
64.91755,-17.796529999999997,0
69.18629,-1.3457290000000002,0
56.67511,-19.899739999999998,0
63.84701,7.070253,0
73.52853,-4.305105,0
77.77298,-20.97871,0
66.58747,-16.51202,0
74.68619,-13.785160000000001,0
82.44135,-3.198811,0
52.30627,-19.96528,0
69.2922,-8.165172,0
64.40332,11.5388,0
87.83745,-5.797536,0
73.06476,2.346044,0
58.63267,1.1054,0
74.55995,-14.945820000000001,0
74.27044,-21.81354,0
50.25447,-9.793256,0
62.09312,-22.10528,0
87.61305,0.8871884,0
79.40338,3.454682,0
77.56643,17.25978,0
87.67891,-5.012097,0
67.52089,0.5997717,0
79.92055,-2.7858549999999997,0
71.32548,-6.040786,0
57.68811,-26.8179,0
85.23694,-7.594192999999999,0
64.65368,-8.68329,0
61.31142,11.2666,0
59.06764,7.588652000000001,0
87.76017,-11.61341,0
68.24614,-26.377159999999996,0
64.45452,-2.222824,0
65.53308,-29.09276,0
63.89614,-19.10272,0
80.11442,13.054219999999999,0
53.4408,-4.50005,0
71.92873,-16.93747,0
61.59669,-10.75492,0
66.93093,-13.782570000000002,0
50.34516,-9.613154,0
72.01345,-13.675139999999999,0
83.8145,-24.73408,0
78.27926,-0.21172559999999999,0
63.37316,-5.140422,0
67.56707,1.2630940000000002,0
78.30576,-2.315313,0
64.15815,-9.960403,0
58.67935,-5.187703,0
84.99193,-25.74853,0
66.11341,-4.922376,0
74.52394,-1.039614,0
70.64279,-8.465358,0
89.6064,0.47083400000000003,0
76.0323,-3.8376669999999997,0
75.88329,-11.40071,0
91.41507,-18.581229999999998,0
75.96584,-5.74556,0
56.82018,-18.1518,0
65.26213,-1.156317,0
72.5354,-20.20325,0
42.97974,-8.860008,0
58.11489,-18.281660000000002,0
73.26022,-11.98803,0
77.94697,-12.41635,0
71.2361,-8.819086,0
80.56624,7.036737,0
88.41406,-13.11624,0
72.93951,-8.774334,0
71.42486,-6.568674000000001,0
85.37737,-2.574961,0
60.69893,4.760236,0
84.41388,-6.605288000000001,0
78.85013,-11.48461,0
72.23627,-3.3483300000000003,0
79.51451,-7.224457000000001,0
70.81757,-20.52531,0
79.3355,-17.013379999999998,0
83.92007,-18.97531,0
64.99888,-4.225446,0
70.30046,4.675978,0
72.4469,-14.501339999999999,0
65.32914,-20.57936,0
69.68672,-8.770883999999999,0
82.80947,-2.210701,0
66.12637,-24.658170000000002,0
74.31614,0.4964872,0
62.74274,-19.14187,0
66.71625,-1.28301,0
52.76581,2.2495990000000003,0
64.23697,2.673515,0
82.93062,-20.18061,0
36.50027,-21.49223,0
103.9198,-25.94061,0
78.92066,-12.20063,0
71.31289,4.678265000000001,0
70.89019,15.4043,0
87.70451,-15.3165,0
58.66569,-4.894761,0
65.94133,-0.4717233,0
53.61497,-20.94196,0
80.81969,-30.37179,0
67.59589,-2.237453,0
70.45368,-14.35,0
52.61427,-5.968235,0
67.05727,-18.36929,0
80.33527,10.0038,0
65.81659,-7.695396000000001,0
58.66797,-6.653395,0
63.55366,-33.60001,0
72.77927,-2.6015200000000003,0
70.05731,-6.740457000000001,0
63.67471,-19.57441,0
61.41443,-12.56155,0
59.91931,-11.40836,0
54.54313,-9.975537,0
70.58784,-9.452148,0
53.50132,-11.88279,0
72.78958,-28.220059999999997,0
76.30181,-6.2316720000000005,0
51.48873,-31.35942,0
82.67635,-19.14385,0
64.73662,-20.46305,0
89.92531,-10.70861,0
82.33732,-6.081996,0
67.7835,-13.78307,0
82.0141,8.581901,0
65.64449,-3.324757,0
58.89835,-22.795579999999998,0
50.28286,4.203121,0
68.29051,-13.59784,0
85.31325,-9.977644999999999,0
93.10153,-14.48068,0
64.6744,-1.0862399999999999,0
72.97454,0.8260531999999999,0
74.51596,-9.207847000000001,0
68.41306,-2.750809,0
75.30674,-4.204458,0
53.84029,-12.40979,0
67.35263,-0.35424859999999997,0
67.39329,-32.9488,0
56.93941,-4.871946,0
69.12279,5.317039,0
57.22761,-5.167954,0
76.05929,-5.569526000000001,0
59.81583,-4.150285,0
64.30557,-27.2714,0
59.1149,-16.25977,0
91.61397,-12.11007,0
78.31008,-16.3773,0
68.59947,0.7928145000000001,0
68.01685,1.1088870000000002,0
82.84614,-12.49169,0
49.51263,-0.5111645,0
69.8973,-34.17,0
84.17337,-4.631359,0
78.89444,-24.29788,0
70.69758,9.444025,0
61.77013,-19.68894,0
78.0163,4.23549,0
73.54946,-16.099420000000002,0
55.73493,-12.744539999999999,0
65.89819,13.69386,0
57.39889,-13.82744,0
63.04364,-27.31653,0
90.12375,-18.2544,0
64.38116,-23.61167,0
63.44825,-5.62352,0
72.94678,-17.25217,0
52.57834,-13.12009,0
63.63273,5.738944,0
71.99254,-10.99059,0
72.39277,-4.811533,0
79.11701,-4.512673,0
51.93237,-17.866229999999998,0
70.43403,-21.59988,0
73.80844,-2.224638,0
81.84084,-19.73066,0
60.51824,-7.986828999999999,0
76.27817,-26.23452,0
72.43248,-18.915110000000002,0
68.76535,1.418947,0
60.72785,2.763541,0
68.29949,-11.583260000000001,0
71.62149,-26.87554,0
70.59952,-5.845408,0
80.10539,-10.8262,0
70.75399,10.09409,0
61.23998,-21.444229999999997,0
68.3528,8.337489,0
61.51666,-12.43442,0
71.43109,-0.006148351999999999,0
62.02735,-24.19875,0
61.78095,1.968633,0
98.66974,-2.164127,0
73.01436,-1.7224549999999998,0
82.94384,-0.9408177,0
80.52203,-13.20871,0
53.52886,-3.686721,0
70.67194,-0.7722773,0
56.81425,-13.704579999999998,0
72.37652,-26.52538,0
49.83153,-8.861414,0
70.16466,-18.97082,0
72.25542,17.13289,0
69.0665,2.7427759999999997,0
57.83613,-1.477452,0
75.97397,-22.849420000000002,0
68.33255,0.6976613,0
60.67356,-8.95394,0
61.20472,-14.9268,0
65.426,-8.987577,0
77.37339,-3.91479,0
65.88091,-24.6382,0
68.68376,-26.484809999999996,0
83.17385,-11.66942,0
69.57142,-1.19085,0
87.76274,-12.09585,0
64.25253,-4.659249,0
58.7633,-9.553751,0
87.6779,-14.574679999999999,0
84.77952,-28.193379999999998,0
44.48759,-28.91912,0
71.15801,-4.96975,0
81.11289,1.8202939999999999,0
69.6739,-13.50128,0
77.81984,-29.2818,0
74.59189,-6.969017999999999,0
87.18534,-7.561814,0
80.60636,4.6757800000000005,0
84.97687,-20.77276,0
79.38887,18.965870000000002,0
73.09005,-9.938504,0
83.21137,-35.36076,0
54.64416,-10.79429,0
73.64229,-16.80874,0
68.84037,-3.089466,0
75.82528,-25.177960000000002,0
77.2142,-21.172320000000003,0
62.69973,-11.28403,0
65.87854,-18.35437,0
65.8312,-12.80048,0
69.75814,-6.189078,0
68.61625,-15.98461,0
64.98134,-16.78327,0
64.85876,-9.286581,0
66.79546,-17.6295,0
43.56437,-14.07815,0
68.28453,-0.05283603,0
53.97722,-18.11732,0
72.37554,-14.15102,0
45.12958,6.069386,0
79.23594,-7.7832669999999995,0
67.89267,-20.79489,0
77.45593,-6.610436999999999,0
67.28255,-3.456408,0
77.23093,-4.179791000000001,0
77.14531,-16.250220000000002,0
60.35104,-16.18723,0
65.31193,-16.61032,0
77.93611,-32.70189,0
79.88167,-9.25513,0
64.06412,-5.0536650000000005,0
55.65335,-2.3524540000000003,0
60.33708,-0.5121532,0
69.20068,-13.57959,0
62.69723,-10.16704,0
66.39989,-5.404058,0
60.86256,-17.942429999999998,0
74.03131,-25.69833,0
82.44264,-17.38876,0
71.05727,-20.94383,0
80.91493,-5.505733,0
74.19766,-3.3986739999999998,0
73.76104,-9.804844000000001,0
69.15085,-27.33672,0
73.74459,-22.24747,0
93.63296,-10.36324,0
72.05005,-1.9886700000000002,0
79.09497,-17.7693,0
52.66147,-12.101189999999999,0
91.25622,-26.76765,0
69.69169,-7.789096000000001,0
47.71091,-6.095375,0
55.00807,11.567219999999999,0
67.68167,-9.785644,0
65.44644,-12.13077,0
84.56817,-6.077383,0
97.56903,-14.44639,0
53.24852,-11.41788,0
67.16991,-4.0730379999999995,0
62.42045,-16.2767,0
59.63564,-37.79037,0
78.52355,-6.868666,0
68.07284,-9.450905,0
64.40905,-17.325689999999998,0
83.58873,-10.16413,0
83.71054,-7.567408,0
76.59972,-8.598391000000001,0
65.59871,-5.515496,0
64.16531,-8.239429,0
72.31848,-28.377390000000002,0
72.89074,-13.084010000000001,0
71.85983,-7.281507,0
74.98594,4.9548,0
68.01299,-12.93427,0
71.72321,-7.872746,0
85.0203,-22.10981,0
66.09438,0.7196266,0
85.76525,-15.941579999999998,0
75.29033,-20.524929999999998,0
69.05731,-16.42671,0
84.21595,-13.29946,0
69.43209,-7.778992999999999,0
69.3489,-16.70996,0
67.496,0.7695373000000001,0
54.37956,-2.373576,0
55.37194,-8.759966,0
65.99169,-4.956535,0
82.59654,-29.846390000000003,0
80.10463,-11.9095,0
62.44377,-16.1361,0
87.34288,-11.94191,0
63.13534,-32.47361,0
80.38442,-12.193010000000001,0
53.62364,-20.69438,0
70.99268,-3.2878010000000004,0
92.67575,-16.184620000000002,0
65.15415,-7.4224440000000005,0
79.33412,-22.18659,0
69.03038,-13.706629999999999,0
85.09824,-11.31437,0
75.07559,-1.20056,0
74.90408,-31.59422,0
51.66653,5.640219999999999,0
77.56271,-12.518839999999999,0
83.9768,-15.20381,0
52.63898,0.2466355,0
64.80269,-19.89357,0
60.91487,-5.64697,0
76.31144,-13.2713,0
72.70005,-17.95129,0
54.85474,-4.231365,0
60.46303,-11.154639999999999,0
73.09839,-14.09135,0
58.33049,-24.54733,0
78.08799,4.297182,0
61.18767,-32.67201,0
76.27331,-27.696070000000002,0
67.0222,-35.01962,0
83.54788,1.910021,0
54.19945,-13.45955,0
67.80528,4.444605,0
87.90198,14.85406,0
62.05761,-0.1845935,0
67.43387,-4.600472,0
51.20422,-7.3737699999999995,0
83.53147,-4.596114,0
63.07033,-10.094489999999999,0
62.59971,-7.99627,0
68.3894,-1.819404,0
75.60424,-8.007767,0
51.39455,-7.560444,0
54.05743,-30.14147,0
54.21433,0.976269,0
66.1136,-2.307693,0
72.98232,-21.41706,0
63.47237,0.42437420000000003,0
67.75566,-3.700921,0
59.91527,-4.502811,0
59.59558,19.35797,0
74.9352,2.191131,0
59.33881,-18.74531,0
79.36212,5.2144379999999995,0
82.11814,-13.61926,0
83.82712,-38.7955,0
74.61884,-11.33446,0
61.73203,-5.572901,0
68.48677,-23.121370000000002,0
69.30094,-27.308729999999997,0
56.70621,-17.45695,0
71.53534,0.8623791999999999,0
76.21033,7.055012,0
63.84636,-17.7283,0
66.25222,-3.9130339999999997,0
81.44768,-24.24757,0
62.67937,-20.08821,0
54.33532,1.649464,0
75.66274,-15.75875,0
80.03555,-14.61174,0
60.50964,-18.80588,0
69.59802,-15.57155,0
63.66285,-30.48215,0
56.05253,-7.357508,0
64.07648,-4.398561,0
64.70491,-10.37657,0
80.56889,14.50799,0
86.61128,-7.867749000000001,0
76.73148,-16.839389999999998,0
68.25068,-7.142002000000001,0
83.53589,-22.031760000000002,0
84.63376,-10.65431,0
59.70858,-7.02261,0
66.62059,0.27824720000000003,0
79.4429,-20.8802,0
59.14149,-3.268589,0
62.93142,-9.67255,0
76.28171,6.197267,0
81.7813,-17.89441,0
49.64519,-20.29111,0
58.37999,-12.982000000000001,0
74.68241,-22.74285,0
88.04622,2.73894,0
41.72015,-7.237918,0
61.91275,-12.98729,0
74.79148,-17.63764,0
61.99087,-15.7656,0
82.01159,-18.703770000000002,0
78.71038,-15.10186,0
85.51906,-22.09427,0
76.5364,-11.392539999999999,0
48.34201,-9.15055,0
69.69287,-7.067628999999999,0
79.86285,-16.01771,0
69.80298,4.93805,0
83.65175,-18.73922,0
85.6528,-6.461061,0
82.77088,-2.3732990000000003,0
64.46532,-10.50136,0
90.72282,-12.25584,0
64.87976,-24.87731,0
